{"products":[{"id":"0.176849621262261","qty":1}],"totalPrice":100.99000000000001}